Home_team,Away_team,Home_form,Away_form,Home_avg_scored,Away_avg_scored,Home_avg_conceded,Away_avg_conceded,Home_goal_diff,Away_goal_diff,Goal_diff_difference,Home_win_pct,Away_win_pct,Home_draw_pct,Away_draw_pct,Home_clean_sheet_pct,Away_clean_sheet_pct,Home_failed_to_score_pct,Away_failed_to_score_pct,Home_season_points,Away_season_points,Points Differenece,home_position,away_position,Position_difference,Home_home_form,Away_away_form,Venue_form_difference,Position_gap,Points_ratio,Result
Liverpool,Bournemouth,0,0,0.0,0.0,0.0,0.0,0.0,0.0,0.0,0.0,0.0,0.0,0.0,0.0,0.0,0.0,0.0,0,0,0,1,1,0,0,0,0,0,1.0,H
Aston Villa,Newcastle,0,0,0.0,0.0,0.0,0.0,0.0,0.0,0.0,0.0,0.0,0.0,0.0,0.0,0.0,0.0,0.0,0,0,0,3,3,0,0,0,0,0,1.0,D
Brighton,Fulham,0,0,0.0,0.0,0.0,0.0,0.0,0.0,0.0,0.0,0.0,0.0,0.0,0.0,0.0,0.0,0.0,0,0,0,5,5,0,0,0,0,0,1.0,D
Sunderland,West Ham,0,0,0.0,0.0,0.0,0.0,0.0,0.0,0.0,0.0,0.0,0.0,0.0,0.0,0.0,0.0,0.0,0,0,0,7,7,0,0,0,0,0,1.0,H
Tottenham,Burnley,0,0,0.0,0.0,0.0,0.0,0.0,0.0,0.0,0.0,0.0,0.0,0.0,0.0,0.0,0.0,0.0,0,0,0,9,9,0,0,0,0,0,1.0,H
Wolves,Man City,0,0,0.0,0.0,0.0,0.0,0.0,0.0,0.0,0.0,0.0,0.0,0.0,0.0,0.0,0.0,0.0,0,0,0,11,11,0,0,0,0,0,1.0,A
Chelsea,Crystal Palace,0,0,0.0,0.0,0.0,0.0,0.0,0.0,0.0,0.0,0.0,0.0,0.0,0.0,0.0,0.0,0.0,0,0,0,13,13,0,0,0,0,0,1.0,D
Nott'm Forest,Brentford,0,0,0.0,0.0,0.0,0.0,0.0,0.0,0.0,0.0,0.0,0.0,0.0,0.0,0.0,0.0,0.0,0,0,0,15,15,0,0,0,0,0,1.0,H
Man United,Arsenal,0,0,0.0,0.0,0.0,0.0,0.0,0.0,0.0,0.0,0.0,0.0,0.0,0.0,0.0,0.0,0.0,0,0,0,17,17,0,0,0,0,0,1.0,A
Leeds,Everton,0,0,0.0,0.0,0.0,0.0,0.0,0.0,0.0,0.0,0.0,0.0,0.0,0.0,0.0,0.0,0.0,0,0,0,19,19,0,0,0,0,0,1.0,H
West Ham,Chelsea,0,1,0.0,0.0,3.0,0.0,-3.0,0.0,-3.0,0.0,0.0,0.0,1.0,0.0,1.0,1.0,1.0,0,1,-1,15,12,-3,0,0,0,3,0.5,A
Arsenal,Leeds,3,3,1.0,1.0,0.0,0.0,1.0,1.0,0.0,1.0,1.0,0.0,0.0,1.0,1.0,0.0,0.0,3,3,0,7,8,1,0,0,0,1,1.0,H
Burnley,Sunderland,0,3,0.0,3.0,3.0,0.0,-3.0,3.0,-6.0,0.0,1.0,0.0,0.0,0.0,1.0,1.0,0.0,0,3,-3,16,4,-12,0,0,0,12,0.25,H
Man City,Tottenham,3,3,4.0,3.0,0.0,0.0,4.0,3.0,1.0,1.0,1.0,0.0,0.0,1.0,1.0,0.0,0.0,3,3,0,7,5,-2,0,0,0,2,1.0,A
Bournemouth,Wolves,0,0,2.0,0.0,4.0,4.0,-2.0,-4.0,2.0,0.0,0.0,0.0,0.0,0.0,0.0,0.0,1.0,0,0,0,15,17,2,0,0,0,2,1.0,H
Brentford,Aston Villa,0,1,1.0,0.0,3.0,0.0,-2.0,0.0,-2.0,0.0,0.0,0.0,1.0,0.0,1.0,0.0,1.0,0,1,-1,18,11,-7,0,0,0,7,0.5,H
Crystal Palace,Nott'm Forest,1,3,0.0,3.0,0.0,1.0,0.0,2.0,-2.0,0.0,1.0,1.0,0.0,1.0,0.0,1.0,0.0,1,3,-2,16,9,-7,0,0,0,7,0.5,D
Everton,Brighton,0,1,0.0,1.0,1.0,1.0,-1.0,0.0,-1.0,0.0,0.0,0.0,1.0,0.0,0.0,1.0,0.0,0,1,-1,20,15,-5,0,0,0,5,0.5,H
Fulham,Man United,1,0,1.0,0.0,1.0,1.0,0.0,-1.0,1.0,0.0,0.0,1.0,0.0,0.0,0.0,0.0,1.0,1,0,1,17,20,3,0,0,0,3,2.0,D
Newcastle,Liverpool,1,3,0.0,4.0,0.0,2.0,0.0,2.0,-2.0,0.0,1.0,1.0,0.0,1.0,0.0,1.0,0.0,1,3,-2,16,5,-11,0,0,0,11,0.5,A
Wolves,Everton,0,3,0.0,1.0,2.5,0.5,-2.5,0.5,-3.0,0.0,0.5,0.0,0.0,0.0,0.5,1.0,0.5,0,3,-3,20,12,-8,0,0,0,8,0.25,A
Leeds,Newcastle,3,1,0.5,1.0,2.5,1.5,-2.0,-0.5,-1.5,0.5,0.0,0.0,0.5,0.5,0.5,0.5,0.5,3,1,2,12,16,4,3,1,2,4,2.0,D
Tottenham,Bournemouth,6,3,2.5,1.5,0.0,2.0,2.5,-0.5,3.0,1.0,0.5,0.0,0.0,1.0,0.5,0.0,0.0,6,3,3,2,8,6,3,0,3,6,1.75,A
Man United,Burnley,1,3,0.5,1.0,1.0,1.5,-0.5,-0.5,0.0,0.0,0.5,0.5,0.0,0.0,0.5,0.5,0.5,1,3,-2,18,10,-8,0,0,0,8,0.5,H
Chelsea,Fulham,4,2,2.5,1.0,0.5,1.0,2.0,0.0,2.0,0.5,0.0,0.5,1.0,0.5,0.0,0.5,0.0,4,2,2,6,15,9,1,1,0,9,1.6666666666666667,H
Sunderland,Brentford,3,3,1.5,1.0,1.0,1.5,0.5,-0.5,1.0,0.5,0.5,0.0,0.0,0.5,0.5,0.5,0.0,3,3,0,10,13,3,3,0,3,3,1.0,H
Brighton,Man City,1,3,0.5,2.0,1.5,1.0,-1.0,1.0,-2.0,0.0,0.5,0.5,0.0,0.0,0.5,0.5,0.5,1,3,-2,18,12,-6,1,3,-2,6,0.5,H
Nott'm Forest,West Ham,4,0,2.0,0.5,1.0,4.0,1.0,-3.5,4.5,0.5,0.0,0.5,0.0,0.0,0.0,0.0,0.5,4,0,4,9,19,10,3,0,3,10,5.0,A
Liverpool,Arsenal,6,6,3.5,3.0,2.0,0.0,1.5,3.0,-1.5,1.0,1.0,0.0,0.0,0.0,1.0,0.0,0.0,6,6,0,2,6,4,3,3,0,4,1.0,H
Aston Villa,Crystal Palace,1,2,0.0,0.5,0.5,0.5,-0.5,0.0,-0.5,0.0,0.0,0.5,1.0,0.5,0.5,1.0,0.5,1,2,-1,19,18,-1,1,1,0,1,0.6666666666666666,A
Everton,Aston Villa,6,1,1.6666666666666667,0.0,1.0,1.3333333333333333,0.6666666666666666,-1.3333333333333333,2.0,0.6666666666666666,0.0,0.0,0.3333333333333333,0.3333333333333333,0.3333333333333333,0.3333333333333333,1.0,6,1,5,7,19,12,3,0,3,12,3.5,D
Arsenal,Nott'm Forest,6,4,2.0,1.3333333333333333,0.3333333333333333,1.6666666666666667,1.6666666666666667,-0.3333333333333333,2.0,0.6666666666666666,0.3333333333333333,0.0,0.3333333333333333,0.6666666666666666,0.0,0.3333333333333333,0.3333333333333333,6,4,2,7,10,3,3,1,2,3,1.4,H
Bournemouth,Brighton,6,4,1.3333333333333333,1.0,1.3333333333333333,1.3333333333333333,0.0,-0.3333333333333333,0.3333333333333333,0.6666666666666666,0.3333333333333333,0.0,0.3333333333333333,0.6666666666666666,0.0,0.0,0.3333333333333333,6,4,2,5,9,4,3,0,3,4,1.4,H
Crystal Palace,Sunderland,5,6,1.3333333333333333,1.6666666666666667,0.3333333333333333,1.0,1.0,0.6666666666666666,0.33333333333333337,0.3333333333333333,0.6666666666666666,0.6666666666666666,0.0,0.6666666666666666,0.3333333333333333,0.3333333333333333,0.3333333333333333,5,6,-1,8,6,-2,1,0,1,2,0.8571428571428571,D
Fulham,Leeds,2,4,0.6666666666666666,0.3333333333333333,1.3333333333333333,1.6666666666666667,-0.6666666666666666,-1.3333333333333333,0.6666666666666666,0.0,0.3333333333333333,0.6666666666666666,0.3333333333333333,0.0,0.6666666666666666,0.3333333333333333,0.6666666666666666,2,4,-2,19,12,-7,1,0,1,7,0.6,H
Newcastle,Wolves,2,0,0.6666666666666666,0.6666666666666666,1.0,2.6666666666666665,-0.3333333333333333,-2.0,1.6666666666666667,0.0,0.0,0.6666666666666666,0.0,0.6666666666666666,0.0,0.6666666666666666,0.6666666666666666,2,0,2,19,20,1,0,0,0,1,3.0,H
West Ham,Tottenham,3,6,1.3333333333333333,1.6666666666666667,2.6666666666666665,0.3333333333333333,-1.3333333333333333,1.3333333333333333,-2.6666666666666665,0.3333333333333333,0.6666666666666666,0.0,0.0,0.3333333333333333,0.6666666666666666,0.3333333333333333,0.3333333333333333,3,6,-3,15,7,-8,0,3,-3,8,0.5714285714285714,A
Brentford,Chelsea,3,7,1.0,2.3333333333333335,1.6666666666666667,0.3333333333333333,-0.6666666666666666,2.0,-2.6666666666666665,0.3333333333333333,0.6666666666666666,0.0,0.3333333333333333,0.3333333333333333,0.6666666666666666,0.0,0.3333333333333333,3,7,-4,18,6,-12,3,3,0,12,0.5,D
Burnley,Liverpool,3,9,1.3333333333333333,2.6666666666666665,2.0,1.3333333333333333,-0.6666666666666666,1.3333333333333333,-2.0,0.3333333333333333,1.0,0.0,0.0,0.3333333333333333,0.3333333333333333,0.3333333333333333,0.0,3,9,-6,17,1,-16,3,3,0,16,0.4,A
Man City,Man United,3,4,1.6666666666666667,1.3333333333333333,1.3333333333333333,1.3333333333333333,0.3333333333333333,0.0,0.3333333333333333,0.3333333333333333,0.3333333333333333,0.0,0.3333333333333333,0.3333333333333333,0.0,0.3333333333333333,0.3333333333333333,3,4,-1,18,14,-4,0,1,-1,4,0.8,H
Wolves,Leeds,0,4,0.5,0.25,2.25,1.5,-1.75,-1.25,-0.5,0.0,0.25,0.0,0.25,0.0,0.5,0.75,0.75,0,4,-4,20,16,-4,0,0,0,4,0.2,A
Man United,Chelsea,4,8,1.0,2.25,1.75,0.75,-0.75,1.5,-2.25,0.25,0.5,0.25,0.5,0.0,0.5,0.5,0.25,4,8,-4,16,5,-11,3,4,-1,11,0.5555555555555556,H
West Ham,Crystal Palace,3,6,1.0,1.0,2.75,0.25,-1.75,0.75,-2.5,0.25,0.25,0.0,0.75,0.25,0.75,0.5,0.5,3,6,-3,17,11,-6,0,4,-4,6,0.5714285714285714,A
Fulham,Brentford,5,4,0.75,1.25,1.0,1.75,-0.25,-0.5,0.25,0.25,0.25,0.5,0.25,0.25,0.25,0.25,0.0,5,4,1,13,16,3,4,0,4,3,1.2,H
Brighton,Tottenham,4,9,1.0,2.0,1.5,0.25,-0.5,1.75,-2.25,0.25,0.75,0.25,0.0,0.0,0.75,0.25,0.25,4,9,-5,14,3,-11,4,6,-2,11,0.5,D
Liverpool,Everton,12,7,2.25,1.25,1.0,0.75,1.25,0.5,0.75,1.0,0.5,0.0,0.25,0.5,0.5,0.0,0.5,12,7,5,1,11,10,6,3,3,10,1.625,H
Burnley,Nott'm Forest,3,4,1.0,1.0,1.75,2.0,-0.75,-1.0,0.25,0.25,0.25,0.0,0.25,0.25,0.0,0.5,0.5,3,4,-1,18,15,-3,3,1,2,3,0.8,D
Bournemouth,Newcastle,9,5,1.5,0.75,1.25,0.75,0.25,0.0,0.25,0.75,0.25,0.0,0.5,0.5,0.75,0.0,0.5,9,5,4,3,13,10,6,2,4,10,1.6666666666666667,D
Sunderland,Aston Villa,7,2,1.25,0.0,0.75,1.0,0.5,-1.0,1.5,0.5,0.0,0.25,0.5,0.5,0.5,0.5,1.0,7,2,5,8,19,11,6,1,5,11,2.6666666666666665,D
Arsenal,Man City,9,6,2.25,2.0,0.25,1.0,2.0,1.0,1.0,0.75,0.5,0.0,0.0,0.75,0.5,0.25,0.25,9,6,3,5,13,8,6,3,3,8,1.4285714285714286,D
Tottenham,Wolves,10,0,2.0,0.6,0.6,2.4,1.4,-1.8,3.2,0.6,0.0,0.2,0.0,0.6,0.0,0.2,0.6,10,0,10,3,20,17,3,0,3,17,11.0,D
Man City,Burnley,7,4,1.8,1.0,1.0,1.6,0.8,-0.6,1.4,0.4,0.2,0.2,0.2,0.4,0.2,0.2,0.4,7,4,3,9,16,7,3,0,3,7,1.6,H
Leeds,Bournemouth,7,10,0.8,1.2,1.4,1.0,-0.6,0.2,-0.8,0.4,0.6,0.2,0.2,0.4,0.6,0.6,0.2,7,10,-3,11,3,-8,4,3,1,8,0.7272727272727273,D
Nott'm Forest,Sunderland,5,8,1.0,1.2,1.8,0.8,-0.8,0.4,-1.2000000000000002,0.2,0.4,0.4,0.4,0.0,0.4,0.4,0.4,5,8,-3,15,8,-7,3,1,2,7,0.6666666666666666,A
Chelsea,Brighton,8,5,2.0,1.2,1.0,1.6,1.0,-0.4,1.4,0.4,0.2,0.4,0.4,0.4,0.0,0.2,0.2,8,5,3,9,14,5,4,0,4,5,1.5,A
Brentford,Man United,4,7,1.2,1.2,2.0,1.6,-0.8,-0.4,-0.4,0.2,0.4,0.2,0.2,0.2,0.0,0.0,0.4,4,7,-3,17,12,-5,4,1,3,5,0.625,H
Crystal Palace,Liverpool,9,15,1.2,2.2,0.4,1.0,0.8,1.2,-0.3999999999999999,0.4,1.0,0.6,0.0,0.6,0.4,0.4,0.0,9,15,-6,7,1,-6,2,6,-4,6,0.625,H
Aston Villa,Fulham,3,8,0.2,1.2,1.0,1.0,-0.8,0.2,-1.0,0.0,0.4,0.6,0.4,0.4,0.2,0.8,0.2,3,8,-5,18,9,-9,1,1,0,9,0.4444444444444444,H
Newcastle,Arsenal,6,10,0.6,2.0,0.6,0.4,0.0,1.6,-1.6,0.2,0.6,0.6,0.2,0.8,0.6,0.6,0.2,6,10,-4,16,7,-9,3,3,0,9,0.6363636363636364,A
Everton,West Ham,7,3,1.2,1.0,1.0,2.6,0.2,-1.6,1.8,0.4,0.2,0.2,0.0,0.4,0.2,0.4,0.4,7,3,4,14,19,5,4,3,1,5,2.0,D
Bournemouth,Fulham,11,7,1.2,1.2,0.6,1.4,0.6,-0.2,0.8,0.6,0.4,0.4,0.2,0.6,0.2,0.2,0.2,11,8,3,4,9,5,7,1,6,5,1.3333333333333333,H
Leeds,Tottenham,5,8,1.0,1.6,1.8,0.8,-0.8,0.8,-1.6,0.2,0.4,0.4,0.4,0.2,0.4,0.6,0.2,8,11,-3,11,6,-5,5,7,-2,5,0.75,A
Arsenal,West Ham,10,4,2.2,1.2,0.6,2.2,1.6,-1.0,2.6,0.6,0.2,0.2,0.2,0.4,0.2,0.2,0.2,13,4,9,4,18,14,7,4,3,14,2.8,H
Man United,Sunderland,7,8,1.4,0.8,2.0,0.8,-0.6,0.0,-0.6,0.4,0.4,0.2,0.4,0.0,0.4,0.2,0.4,7,11,-4,14,6,-8,6,4,2,8,0.6666666666666666,H
Chelsea,Liverpool,7,12,2.2,1.6,1.6,1.0,0.6,0.6,0.0,0.4,0.8,0.2,0.0,0.2,0.4,0.0,0.0,8,15,-7,11,2,-9,4,6,-2,9,0.5625,H
Brentford,Man City,7,7,1.6,2.0,1.6,1.2,0.0,0.8,-0.8,0.4,0.4,0.2,0.2,0.2,0.2,0.0,0.2,7,10,-3,14,8,-6,7,4,3,6,0.7272727272727273,A
Newcastle,Nott'm Forest,5,2,0.8,0.4,1.0,1.8,-0.2,-1.4,1.2,0.2,0.0,0.4,0.4,0.6,0.0,0.4,0.6,6,5,1,16,17,1,3,2,1,1,1.1666666666666667,H
Wolves,Brighton,1,7,0.8,1.6,1.8,1.6,-1.0,0.0,-1.0,0.0,0.4,0.2,0.2,0.0,0.0,0.4,0.2,1,8,-7,20,11,-9,0,3,-3,9,0.2222222222222222,D
Aston Villa,Burnley,5,4,0.8,1.2,1.2,2.0,-0.4,-0.8,0.4,0.2,0.2,0.4,0.2,0.2,0.2,0.6,0.2,6,4,2,16,19,3,4,0,4,3,1.4,H
Everton,Crystal Palace,8,11,1.4,1.6,1.0,0.6,0.4,1.0,-0.6,0.4,0.6,0.4,0.4,0.4,0.4,0.2,0.2,8,12,-4,15,6,-9,5,7,-2,9,0.6923076923076923,H
Nott'm Forest,Chelsea,1,7,0.2,1.6,2.0,1.6,-1.8,0.0,-1.8,0.0,0.4,0.2,0.2,0.0,0.2,0.8,0.0,5,11,-6,17,8,-9,3,4,-1,9,0.5,A
Brighton,Newcastle,8,8,1.8,0.8,1.4,0.4,0.4,0.4,0.0,0.4,0.4,0.4,0.4,0.0,0.8,0.0,0.4,9,9,0,13,12,-1,5,3,2,1,1.0,H
Burnley,Leeds,1,5,1.0,1.2,2.4,1.2,-1.4,0.0,-1.4,0.0,0.2,0.2,0.4,0.0,0.2,0.2,0.4,4,8,-4,19,15,-4,4,3,1,4,0.5555555555555556,H
Crystal Palace,Bournemouth,10,11,1.6,1.6,0.8,0.8,0.8,0.8,0.0,0.6,0.6,0.2,0.4,0.4,0.4,0.2,0.2,12,14,-2,8,3,-5,5,4,1,5,0.8666666666666667,D
Man City,Everton,10,8,2.2,1.4,0.8,1.2,1.4,0.2,1.2,0.6,0.4,0.2,0.4,0.4,0.2,0.0,0.2,13,11,2,6,10,4,6,3,3,4,1.1666666666666667,H
Sunderland,Wolves,8,2,0.8,1.0,0.8,1.8,0.0,-0.8,0.8,0.4,0.0,0.4,0.4,0.4,0.0,0.4,0.2,11,2,9,9,20,11,7,1,6,11,4.0,H
Fulham,Arsenal,6,10,1.2,1.6,1.8,0.6,-0.6,1.0,-1.6,0.4,0.6,0.0,0.2,0.2,0.4,0.2,0.2,8,16,-8,14,2,-12,7,6,1,12,0.5294117647058824,A
Tottenham,Aston Villa,8,8,1.6,1.2,1.0,1.2,0.6,0.0,0.6,0.4,0.4,0.4,0.4,0.2,0.2,0.2,0.4,14,9,5,6,12,6,4,2,2,6,1.5,A
Liverpool,Man United,9,9,1.2,1.6,1.0,1.8,0.2,-0.2,0.4,0.6,0.6,0.0,0.0,0.4,0.2,0.0,0.2,15,10,5,3,12,9,9,1,8,9,1.4545454545454546,A
West Ham,Brentford,4,4,1.0,1.4,1.6,1.8,-0.6,-0.4,-0.19999999999999996,0.2,0.2,0.2,0.2,0.2,0.0,0.4,0.2,4,7,-3,19,17,-2,0,0,0,2,0.625,A
Leeds,West Ham,4,1,1.2,0.4,1.6,2.0,-0.4,-1.6,1.2000000000000002,0.2,0.0,0.2,0.2,0.0,0.0,0.4,0.6,8,4,4,16,19,3,5,4,1,3,1.8,H
Chelsea,Sunderland,7,8,1.8,0.8,1.6,0.6,0.2,0.2,0.0,0.4,0.4,0.2,0.4,0.2,0.6,0.0,0.4,14,14,0,7,5,-2,7,4,3,2,1.0,A
Newcastle,Fulham,7,6,1.0,1.2,0.8,1.6,0.2,-0.4,0.6000000000000001,0.4,0.4,0.2,0.0,0.6,0.2,0.2,0.2,9,8,1,15,16,1,6,1,5,1,1.1111111111111112,H
Man United,Brighton,9,8,1.4,1.8,1.6,1.4,-0.2,0.4,-0.6000000000000001,0.6,0.4,0.0,0.4,0.2,0.0,0.2,0.0,13,12,1,9,12,3,9,4,5,3,1.0769230769230769,H
Brentford,Liverpool,7,6,1.6,1.2,1.4,1.4,0.2,-0.2,0.4,0.4,0.4,0.2,0.0,0.2,0.2,0.2,0.0,10,15,-5,15,5,-10,7,6,1,10,0.6875,H
Arsenal,Crystal Palace,13,8,1.8,1.6,0.4,1.4,1.4,0.2,1.2,0.8,0.4,0.2,0.4,0.6,0.2,0.0,0.2,19,13,6,1,9,8,10,7,3,8,1.4285714285714286,H
Aston Villa,Man City,11,13,1.6,2.4,0.8,0.4,0.8,2.0,-1.2,0.6,0.8,0.4,0.2,0.2,0.6,0.2,0.0,12,16,-4,11,3,-8,7,7,0,8,0.7647058823529411,H
Bournemouth,Nott'm Forest,9,1,2.0,0.2,1.4,2.0,0.6,-1.8,2.4,0.4,0.0,0.6,0.2,0.2,0.0,0.2,0.8,15,5,10,6,18,12,10,2,8,12,2.6666666666666665,H
Wolves,Burnley,2,4,0.6,1.0,1.6,1.8,-1.0,-0.8,-0.19999999999999996,0.0,0.2,0.4,0.2,0.0,0.2,0.4,0.2,2,7,-5,20,17,-3,1,0,1,3,0.375,A
Everton,Tottenham,5,8,0.8,1.8,1.2,1.2,-0.4,0.6,-1.0,0.2,0.4,0.4,0.4,0.2,0.2,0.4,0.0,11,14,-3,15,8,-7,8,10,-2,7,0.8,A
Liverpool,Aston Villa,3,13,1.4,1.8,2.0,0.8,-0.6,1.0,-1.6,0.2,0.8,0.0,0.2,0.0,0.2,0.0,0.0,15,15,0,7,8,1,9,5,4,1,1.0,H
Tottenham,Chelsea,8,6,1.8,1.6,1.2,1.6,0.6,0.0,0.6,0.4,0.4,0.4,0.0,0.2,0.2,0.0,0.0,17,14,3,5,9,4,4,7,-3,4,1.2,A
Nott'm Forest,Man United,1,12,0.2,2.2,1.8,1.4,-1.6,0.8,-2.4000000000000004,0.0,0.8,0.2,0.0,0.0,0.2,0.8,0.0,5,16,-11,18,8,-10,3,4,-1,10,0.35294117647058826,D
Fulham,Wolves,3,2,1.2,1.0,2.0,2.0,-0.8,-1.0,0.19999999999999996,0.2,0.0,0.0,0.4,0.0,0.0,0.2,0.2,8,2,6,17,20,3,7,1,6,3,3.0,H
Crystal Palace,Brentford,7,9,1.6,1.8,1.6,1.4,0.0,0.4,-0.4,0.4,0.6,0.2,0.0,0.0,0.2,0.2,0.2,13,13,0,10,11,1,6,3,3,1,1.0,H
Burnley,Arsenal,7,13,1.6,1.4,2.0,0.4,-0.4,1.0,-1.4,0.4,0.8,0.2,0.2,0.2,0.6,0.0,0.0,10,22,-12,17,1,-16,7,9,-2,16,0.4782608695652174,A
Brighton,Leeds,8,7,2.0,1.6,1.8,1.6,0.2,0.0,0.2,0.4,0.4,0.4,0.2,0.0,0.0,0.0,0.2,12,11,1,13,15,2,8,3,5,2,1.0833333333333333,H
West Ham,Newcastle,1,7,0.6,1.2,1.8,1.0,-1.2,0.2,-1.4,0.0,0.4,0.2,0.2,0.0,0.4,0.4,0.2,4,12,-8,19,13,-6,0,3,-3,6,0.38461538461538464,H
Man City,Bournemouth,10,9,1.8,2.0,0.6,1.2,1.2,0.8,0.3999999999999999,0.6,0.4,0.2,0.6,0.4,0.4,0.2,0.2,16,18,-2,8,3,-5,9,5,4,5,0.8947368421052632,H
Sunderland,Everton,10,4,1.2,0.8,0.8,1.8,0.4,-1.0,1.4,0.6,0.2,0.2,0.2,0.4,0.0,0.2,0.4,17,11,6,5,16,11,10,3,7,11,1.5,D
Tottenham,Man United,7,10,1.4,2.2,1.0,1.6,0.4,0.6,-0.19999999999999996,0.4,0.6,0.2,0.2,0.2,0.2,0.2,0.0,17,17,0,6,8,2,4,5,-1,2,1.0,D
Everton,Fulham,5,3,0.8,1.2,1.6,1.8,-0.8,-0.6,-0.20000000000000007,0.2,0.2,0.4,0.0,0.0,0.2,0.4,0.2,12,11,1,14,15,1,8,1,7,1,1.0833333333333333,H
West Ham,Burnley,4,6,1.0,1.4,1.6,2.2,-0.6,-0.8,0.20000000000000007,0.2,0.4,0.2,0.0,0.0,0.2,0.4,0.2,7,10,-3,18,17,-1,3,3,0,1,0.7272727272727273,H
Sunderland,Arsenal,10,15,1.2,1.6,0.8,0.2,0.4,1.4,-0.9999999999999999,0.6,1.0,0.2,0.0,0.4,0.8,0.2,0.0,18,25,-7,5,1,-4,11,12,-1,4,0.7307692307692307,D
Chelsea,Wolves,9,2,1.6,0.8,1.2,2.0,0.4,-1.2,1.6,0.6,0.0,0.0,0.4,0.4,0.0,0.0,0.4,17,2,15,8,20,12,7,1,6,12,6.0,H
Man City,Liverpool,12,3,2.2,1.4,0.6,1.8,1.6,-0.4,2.0,0.8,0.2,0.0,0.0,0.4,0.2,0.2,0.0,19,18,1,4,5,1,12,6,6,1,1.0526315789473684,H
Nott'm Forest,Leeds,1,4,0.4,1.0,2.0,2.0,-1.6,-1.0,-0.6000000000000001,0.0,0.2,0.2,0.2,0.0,0.0,0.8,0.4,6,11,-5,19,16,-3,4,3,1,3,0.5833333333333334,H
Aston Villa,Bournemouth,12,8,1.6,2.2,1.0,1.8,0.6,0.4,0.19999999999999996,0.8,0.4,0.0,0.4,0.2,0.2,0.2,0.0,15,18,-3,10,6,-4,10,5,5,4,0.8421052631578947,H
Brentford,Newcastle,9,6,1.6,1.4,1.2,1.6,0.4,-0.2,0.6000000000000001,0.6,0.4,0.0,0.0,0.2,0.2,0.4,0.0,13,12,1,13,14,1,10,3,7,1,1.0769230769230769,H
Crystal Palace,Brighton,7,10,1.6,2.2,1.4,1.4,0.2,0.8,-0.6000000000000001,0.4,0.6,0.2,0.2,0.2,0.2,0.2,0.0,16,15,1,10,12,2,9,4,5,2,1.0625,D
Wolves,Crystal Palace,1,5,0.6,1.2,2.4,1.2,-1.8,0.0,-1.8,0.0,0.2,0.2,0.4,0.0,0.4,0.6,0.4,2,17,-15,20,10,-10,1,7,-6,10,0.16666666666666666,A
Burnley,Chelsea,6,12,1.6,2.0,1.8,0.6,-0.2,1.4,-1.5999999999999999,0.4,0.8,0.0,0.0,0.2,0.6,0.2,0.0,10,20,-10,18,3,-15,7,10,-3,15,0.5238095238095238,A
Bournemouth,West Ham,7,6,1.8,1.4,2.2,1.8,-0.4,-0.4,0.0,0.4,0.4,0.2,0.0,0.2,0.0,0.2,0.4,18,10,8,7,17,10,13,4,9,10,1.7272727272727273,D
Brighton,Brentford,8,9,1.6,1.6,1.2,1.2,0.4,0.4,0.0,0.4,0.6,0.4,0.0,0.4,0.2,0.2,0.4,16,16,0,11,12,1,11,3,8,1,1.0,H
Fulham,Sunderland,3,8,1.0,1.4,1.6,1.2,-0.6,0.2,-0.8,0.2,0.4,0.0,0.4,0.2,0.2,0.4,0.2,11,19,-8,15,7,-8,10,7,3,8,0.6,H
Liverpool,Nott'm Forest,3,4,1.2,1.0,2.0,2.0,-0.8,-1.0,0.19999999999999996,0.2,0.2,0.0,0.2,0.2,0.0,0.2,0.6,18,9,9,8,19,11,12,2,10,11,1.9,A
Newcastle,Man City,6,12,1.4,1.8,1.8,0.4,-0.4,1.4,-1.7999999999999998,0.4,0.8,0.0,0.0,0.2,0.6,0.0,0.2,12,22,-10,15,3,-12,9,7,2,12,0.5652173913043478,H
Arsenal,Tottenham,13,7,1.6,1.6,0.4,1.2,1.2,0.4,0.7999999999999999,0.8,0.4,0.2,0.2,0.8,0.2,0.0,0.2,26,18,8,1,10,9,13,13,0,9,1.4210526315789473,H
Leeds,Aston Villa,3,12,0.8,1.8,2.2,0.8,-1.4,1.0,-2.4,0.2,0.8,0.0,0.0,0.0,0.4,0.4,0.2,11,18,-7,18,9,-9,8,5,3,9,0.631578947368421,A
Man United,Everton,11,7,2.4,1.0,1.4,1.4,1.0,-0.4,1.4,0.6,0.4,0.4,0.2,0.2,0.2,0.0,0.4,18,15,3,11,14,3,12,4,8,3,1.1875,A
Brentford,Burnley,9,6,1.8,1.4,1.4,1.8,0.4,-0.4,0.8,0.6,0.4,0.0,0.0,0.2,0.2,0.2,0.4,16,10,6,13,19,6,10,3,7,6,1.5454545454545454,H
Man City,Leeds,9,3,1.8,0.8,0.8,2.2,1.0,-1.4,2.4,0.6,0.2,0.0,0.0,0.4,0.0,0.2,0.4,22,11,11,3,18,15,15,3,12,15,1.9166666666666667,H
Sunderland,Bournemouth,8,5,1.4,1.6,1.0,2.4,0.4,-0.8,1.2000000000000002,0.4,0.2,0.4,0.4,0.2,0.2,0.2,0.2,19,19,0,8,6,-2,9,5,4,2,1.0,H
Everton,Newcastle,7,6,0.8,1.4,1.2,2.0,-0.4,-0.6,0.19999999999999996,0.4,0.4,0.2,0.0,0.4,0.0,0.4,0.0,18,15,3,13,14,1,8,2,6,1,1.1875,A
Tottenham,Fulham,4,6,1.4,1.0,1.8,1.0,-0.4,0.0,-0.4,0.2,0.4,0.2,0.0,0.2,0.4,0.2,0.4,18,14,4,12,15,3,2,0,2,3,1.2666666666666666,A
West Ham,Liverpool,7,3,1.8,1.0,1.8,2.2,0.0,-1.2,1.2,0.4,0.2,0.2,0.0,0.0,0.2,0.2,0.4,11,18,-7,17,10,-7,6,3,3,7,0.631578947368421,A
Crystal Palace,Man United,8,8,1.4,2.0,0.8,1.6,0.6,0.4,0.19999999999999996,0.4,0.4,0.4,0.4,0.6,0.0,0.4,0.2,20,18,2,7,13,6,9,5,4,6,1.105263157894737,A
Aston Villa,Wolves,12,0,1.8,0.4,0.8,2.6,1.0,-2.2,3.2,0.8,0.0,0.0,0.0,0.4,0.0,0.2,0.8,21,2,19,6,20,14,12,1,11,14,7.333333333333333,H
Nott'm Forest,Brighton,7,10,1.6,1.8,1.6,1.2,0.0,0.6,-0.6,0.4,0.6,0.2,0.2,0.2,0.4,0.4,0.2,12,19,-7,16,10,-6,4,5,-1,6,0.65,A
Chelsea,Arsenal,12,13,2.0,2.0,0.4,0.6,1.6,1.4,0.20000000000000018,0.8,0.8,0.0,0.2,0.8,0.6,0.0,0.0,23,29,-6,4,1,-3,9,10,-1,3,0.8,D
Newcastle,Tottenham,9,4,2.0,1.4,1.8,1.8,0.2,-0.4,0.6000000000000001,0.6,0.2,0.0,0.2,0.0,0.2,0.0,0.2,18,18,0,12,13,1,12,10,2,1,1.0,D
Bournemouth,Everton,4,7,1.4,1.0,2.4,1.6,-1.0,-0.6,-0.4,0.2,0.4,0.2,0.2,0.2,0.4,0.2,0.2,19,18,1,10,14,4,11,7,4,4,1.0526315789473684,A
Fulham,Man City,9,9,1.4,2.0,1.0,1.2,0.4,0.8,-0.4,0.6,0.6,0.0,0.0,0.4,0.2,0.2,0.2,17,25,-8,15,2,-13,12,4,8,13,0.6923076923076923,A
Liverpool,Sunderland,6,8,1.2,1.6,1.8,1.4,-0.6,0.2,-0.8,0.4,0.4,0.0,0.4,0.4,0.0,0.4,0.2,21,22,-1,7,6,-1,9,7,2,1,0.9565217391304348,D
Arsenal,Brentford,11,9,2.0,2.0,0.8,1.6,1.2,0.4,0.7999999999999999,0.6,0.6,0.4,0.0,0.4,0.0,0.0,0.2,30,19,11,1,14,13,13,3,10,13,1.55,H
Brighton,Aston Villa,10,12,1.8,1.6,1.0,0.6,0.8,1.0,-0.19999999999999996,0.6,0.8,0.2,0.0,0.6,0.6,0.2,0.2,22,24,-2,7,3,-4,13,8,5,4,0.92,A
Burnley,Crystal Palace,3,7,1.2,1.0,2.4,0.6,-1.2,0.4,-1.6,0.2,0.4,0.0,0.2,0.0,0.6,0.4,0.4,10,20,-10,19,10,-9,4,9,-5,9,0.5238095238095238,A
Wolves,Nott'm Forest,0,7,0.4,1.6,2.4,1.4,-2.0,0.2,-2.2,0.0,0.4,0.0,0.2,0.0,0.2,0.8,0.4,2,12,-10,20,16,-4,1,4,-3,4,0.23076923076923078,A
Leeds,Chelsea,3,10,1.2,1.6,2.4,0.6,-1.2,1.0,-2.2,0.2,0.6,0.0,0.2,0.0,0.6,0.2,0.0,11,24,-13,18,4,-14,5,10,-5,14,0.48,H
Man United,West Ham,8,7,2.0,1.8,1.6,1.8,0.4,0.0,0.4,0.4,0.4,0.4,0.2,0.0,0.0,0.2,0.2,21,11,10,9,18,9,12,5,7,9,1.8333333333333333,D
Tottenham,Brentford,2,6,1.2,1.4,2.2,1.6,-1.0,-0.2,-0.8,0.0,0.4,0.4,0.0,0.0,0.0,0.2,0.4,19,19,0,13,14,1,2,3,-1,1,1.0,H
Leeds,Liverpool,3,7,1.4,1.0,2.4,1.4,-1.0,-0.4,-0.6,0.2,0.4,0.0,0.2,0.0,0.4,0.2,0.4,14,22,-8,17,7,-10,7,3,4,10,0.6521739130434783,D
Newcastle,Burnley,7,0,2.0,0.6,2.0,2.2,0.0,-1.6,1.6,0.4,0.0,0.2,0.0,0.0,0.0,0.0,0.6,19,10,9,13,19,6,10,3,7,6,1.8181818181818181,H
Aston Villa,Arsenal,12,11,2.2,2.2,1.2,0.8,1.0,1.4,-0.3999999999999999,0.8,0.6,0.0,0.4,0.4,0.4,0.2,0.0,27,33,-6,3,1,-2,15,11,4,2,0.8235294117647058,H
Everton,Nott'm Forest,10,10,1.2,1.8,1.0,1.0,0.2,0.8,-0.6000000000000001,0.6,0.6,0.2,0.2,0.6,0.4,0.0,0.2,21,15,6,12,16,4,7,7,0,4,1.375,H
Bournemouth,Chelsea,1,10,1.0,1.6,2.6,0.8,-1.6,0.8,-2.4000000000000004,0.0,0.6,0.2,0.2,0.0,0.6,0.4,0.0,19,24,-5,13,4,-9,8,9,-1,9,0.8,D
Man City,Sunderland,12,6,3.0,1.4,1.8,1.4,1.2,0.0,1.2,0.8,0.2,0.0,0.6,0.2,0.0,0.0,0.2,28,23,5,3,7,4,15,7,8,4,1.2083333333333333,H
Brighton,West Ham,10,8,2.0,1.8,1.0,1.6,1.0,0.2,0.8,0.6,0.4,0.2,0.4,0.6,0.0,0.2,0.2,22,12,10,10,18,8,10,3,7,8,1.7692307692307692,D
Fulham,Crystal Palace,9,10,2.0,1.2,1.6,0.4,0.4,0.8,-0.4,0.6,0.6,0.0,0.2,0.4,0.8,0.2,0.2,17,23,-6,15,9,-6,9,9,0,6,0.75,A
Wolves,Man United,0,6,0.0,1.4,2.0,1.4,-2.0,0.0,-2.0,0.0,0.2,0.0,0.6,0.0,0.0,1.0,0.2,2,22,-20,20,12,-8,1,8,-7,8,0.13043478260869565,A
Burnley,Fulham,0,6,0.8,1.6,2.2,2.0,-1.4,-0.4,-0.9999999999999999,0.0,0.4,0.0,0.0,0.0,0.2,0.4,0.2,10,17,-7,19,15,-4,4,3,1,4,0.6111111111111112,A
Arsenal,Wolves,8,0,2.0,0.2,1.2,2.2,0.8,-2.0,2.8,0.4,0.0,0.4,0.0,0.2,0.0,0.0,0.8,33,2,31,1,20,19,13,1,12,19,11.333333333333334,H
Chelsea,Everton,8,12,1.4,1.6,0.8,0.8,0.6,0.8,-0.20000000000000007,0.4,0.8,0.4,0.0,0.6,0.8,0.2,0.0,25,24,1,5,7,2,7,7,0,2,1.04,H
Liverpool,Brighton,5,8,1.2,1.6,2.0,1.2,-0.8,0.4,-1.2000000000000002,0.2,0.4,0.4,0.4,0.2,0.4,0.4,0.2,23,23,0,8,9,1,7,8,-1,1,1.0,H
Crystal Palace,Man City,10,12,1.2,3.0,0.6,1.6,0.6,1.4,-0.7999999999999999,0.6,0.8,0.2,0.0,0.6,0.4,0.2,0.0,26,31,-5,6,2,-4,8,7,1,4,0.84375,A
Nott'm Forest,Tottenham,9,5,1.4,1.6,1.2,2.0,0.2,-0.4,0.6000000000000001,0.6,0.2,0.0,0.4,0.4,0.2,0.4,0.0,15,22,-7,16,12,-4,4,8,-4,4,0.6956521739130435,H
Sunderland,Newcastle,5,10,1.2,2.2,1.8,1.6,-0.6,0.6,-1.2,0.2,0.6,0.4,0.2,0.0,0.0,0.4,0.0,23,22,1,10,11,1,9,4,5,1,1.0434782608695652,H
West Ham,Aston Villa,6,15,1.4,2.6,1.6,1.0,-0.2,1.6,-1.8,0.2,1.0,0.6,0.0,0.0,0.4,0.2,0.0,13,30,-17,18,3,-15,6,10,-4,15,0.45161290322580644,A
Brentford,Leeds,6,4,1.4,2.0,1.6,2.4,-0.2,-0.4,0.2,0.4,0.2,0.0,0.2,0.0,0.0,0.4,0.0,19,15,4,15,17,2,12,3,9,2,1.25,D
Man United,Bournemouth,8,2,1.8,0.8,1.2,2.0,0.6,-1.2,1.7999999999999998,0.4,0.0,0.4,0.4,0.0,0.2,0.2,0.6,25,20,5,8,13,5,10,2,8,5,1.2380952380952381,D
Leeds,Crystal Palace,5,9,2.0,1.2,2.0,1.2,0.0,0.0,0.0,0.2,0.6,0.4,0.0,0.0,0.4,0.0,0.2,16,26,-10,17,7,-10,7,9,-2,10,0.6296296296296297,H
Everton,Arsenal,9,10,1.2,2.0,1.2,1.0,0.0,1.0,-1.0,0.6,0.6,0.0,0.2,0.6,0.2,0.2,0.0,24,36,-12,9,1,-8,9,8,1,8,0.6756756756756757,A
Wolves,Brentford,0,4,0.4,1.0,2.0,1.6,-1.6,-0.6,-1.0,0.0,0.2,0.0,0.2,0.0,0.0,0.6,0.4,2,20,-18,20,15,-5,1,3,-2,5,0.14285714285714285,A
Tottenham,Liverpool,4,8,1.2,1.6,2.2,1.4,-1.0,0.2,-1.2,0.2,0.4,0.2,0.4,0.2,0.4,0.2,0.2,22,26,-4,13,5,-8,4,4,0,8,0.8518518518518519,A
Brighton,Sunderland,7,7,1.6,1.0,1.6,1.4,0.0,-0.4,0.4,0.4,0.4,0.2,0.2,0.2,0.2,0.2,0.4,23,26,-3,10,6,-4,10,4,6,4,0.8888888888888888,D
Bournemouth,Burnley,3,0,1.6,0.8,2.0,2.2,-0.4,-1.4,0.9999999999999999,0.0,0.0,0.6,0.0,0.2,0.0,0.4,0.4,21,10,11,14,19,5,8,3,5,5,2.0,D
Newcastle,Chelsea,10,8,2.0,1.2,1.2,0.8,0.8,0.4,0.4,0.6,0.4,0.2,0.4,0.0,0.6,0.2,0.2,22,28,-6,13,5,-8,13,10,3,8,0.7931034482758621,D
Man City,West Ham,12,3,3.0,1.2,1.6,1.8,1.4,-0.6,2.0,0.8,0.0,0.0,0.6,0.4,0.0,0.0,0.2,34,13,21,2,18,16,15,3,12,16,2.5,H
Aston Villa,Man United,15,8,2.4,2.2,1.4,1.6,1.0,0.6,0.4,1.0,0.4,0.0,0.4,0.2,0.0,0.0,0.2,33,26,7,3,8,5,15,11,4,5,1.2592592592592593,H
Fulham,Nott'm Forest,9,9,2.2,1.4,2.0,1.0,0.2,0.4,-0.2,0.6,0.6,0.0,0.0,0.2,0.6,0.0,0.4,20,18,2,15,17,2,6,6,0,2,1.105263157894737,H
Man United,Newcastle,8,8,2.4,2.0,1.8,1.4,0.6,0.6,0.0,0.4,0.4,0.4,0.4,0.0,0.0,0.0,0.2,26,23,3,8,11,3,8,3,5,3,1.125,H
Chelsea,Aston Villa,6,15,1.2,2.4,1.2,1.4,0.0,1.0,-1.0,0.2,1.0,0.6,0.0,0.4,0.2,0.2,0.0,29,36,-7,5,3,-2,10,12,-2,2,0.8108108108108109,A
West Ham,Fulham,2,9,0.8,2.2,2.0,2.0,-1.2,0.2,-1.4,0.0,0.6,0.4,0.0,0.0,0.2,0.4,0.0,13,23,-10,18,12,-6,6,6,0,6,0.5833333333333334,A
Burnley,Everton,1,6,1.0,1.0,2.0,1.4,-1.0,-0.4,-0.6,0.0,0.4,0.2,0.0,0.0,0.4,0.2,0.4,11,24,-13,19,11,-8,3,7,-4,8,0.48,D
Liverpool,Wolves,11,0,2.0,0.4,1.0,2.0,1.0,-1.6,2.6,0.6,0.0,0.4,0.0,0.4,0.0,0.0,0.6,29,2,27,4,20,16,7,0,7,16,10.0,H
Arsenal,Brighton,10,5,1.4,1.2,0.8,1.4,0.6,-0.2,0.8,0.6,0.2,0.2,0.4,0.4,0.4,0.0,0.4,39,24,15,2,11,9,15,5,10,9,1.6,H
Nott'm Forest,Man City,6,15,0.8,3.4,1.2,1.2,-0.4,2.2,-2.6,0.4,1.0,0.0,0.0,0.4,0.6,0.6,0.0,18,37,-19,17,3,-14,7,9,-2,14,0.5,A
Brentford,Bournemouth,7,3,1.2,1.4,1.2,1.8,0.0,-0.4,0.4,0.4,0.0,0.2,0.6,0.2,0.2,0.4,0.4,23,22,1,13,14,1,10,2,8,1,1.0434782608695652,H
Sunderland,Leeds,8,8,1.0,2.6,1.2,1.8,-0.2,0.8,-1.0,0.4,0.4,0.4,0.4,0.4,0.0,0.4,0.0,27,19,8,7,16,9,11,1,10,9,1.4,D
Crystal Palace,Tottenham,6,4,1.0,1.2,2.0,1.8,-1.0,-0.6,-0.4,0.4,0.2,0.0,0.2,0.2,0.2,0.2,0.2,26,22,4,9,15,6,5,7,-2,6,1.173913043478261,A
Man United,Wolves,8,0,2.2,0.6,1.6,2.2,0.6,-1.6,2.2,0.4,0.0,0.4,0.0,0.2,0.0,0.0,0.4,29,2,27,6,20,14,8,0,8,14,10.0,D
Burnley,Newcastle,2,5,0.8,1.2,1.4,1.4,-0.6,-0.2,-0.39999999999999997,0.0,0.2,0.4,0.4,0.2,0.0,0.4,0.4,12,23,-11,19,14,-5,1,3,-2,5,0.5416666666666666,A
Chelsea,Bournemouth,5,3,1.2,1.2,1.4,2.0,-0.2,-0.8,0.6000000000000001,0.2,0.0,0.4,0.6,0.4,0.2,0.2,0.4,29,22,7,6,15,9,7,1,6,9,1.3043478260869565,D
Nott'm Forest,Everton,6,7,1.0,0.8,1.2,0.6,-0.2,0.2,-0.4,0.4,0.4,0.0,0.2,0.4,0.6,0.4,0.6,18,25,-7,17,13,-4,7,8,-1,4,0.7307692307692307,A
West Ham,Brighton,2,2,0.8,1.0,1.8,1.8,-1.0,-0.8,-0.19999999999999996,0.0,0.0,0.4,0.4,0.0,0.2,0.4,0.4,13,24,-11,18,14,-4,6,4,2,4,0.56,D
Arsenal,Aston Villa,12,15,1.6,2.6,0.8,1.6,0.8,1.0,-0.19999999999999996,0.8,1.0,0.0,0.0,0.4,0.0,0.0,0.0,42,39,3,1,3,2,15,12,3,2,1.075,H
Brentford,Tottenham,7,7,1.4,1.2,1.2,1.4,0.2,-0.2,0.4,0.4,0.4,0.2,0.2,0.2,0.4,0.4,0.2,26,25,1,12,14,2,13,7,6,2,1.0384615384615385,D
Sunderland,Man City,6,15,0.6,3.2,1.0,1.0,-0.4,2.2,-2.6,0.2,1.0,0.6,0.0,0.4,0.6,0.4,0.0,28,40,-12,7,2,-5,9,9,0,5,0.7073170731707317,D
Crystal Palace,Fulham,6,9,0.8,2.0,1.8,1.8,-1.0,0.2,-1.2,0.4,0.6,0.0,0.0,0.2,0.4,0.4,0.0,26,26,0,13,11,-2,4,9,-5,2,1.0,D
Liverpool,Leeds,11,9,2.0,2.4,1.2,1.4,0.8,1.0,-0.19999999999999996,0.6,0.4,0.4,0.6,0.2,0.0,0.0,0.0,32,20,12,4,16,12,10,2,8,12,1.5714285714285714,D
Aston Villa,Nott'm Forest,12,3,2.0,0.8,1.8,1.6,0.2,-0.8,1.0,0.8,0.2,0.0,0.0,0.0,0.2,0.0,0.6,39,18,21,3,17,14,15,6,9,14,2.1052631578947367,H
Brighton,Burnley,3,2,0.8,1.0,1.4,1.8,-0.6,-0.8,0.20000000000000007,0.0,0.0,0.6,0.4,0.2,0.2,0.4,0.2,25,12,13,14,19,5,8,4,4,5,2.0,H
Wolves,West Ham,1,2,0.8,1.0,2.2,2.0,-1.4,-1.0,-0.3999999999999999,0.0,0.0,0.2,0.4,0.0,0.0,0.2,0.4,3,14,-11,20,18,-2,0,3,-3,2,0.26666666666666666,H
Bournemouth,Arsenal,4,12,1.6,2.0,2.2,1.0,-0.6,1.0,-1.6,0.0,0.8,0.8,0.0,0.2,0.2,0.2,0.0,23,45,-22,15,1,-14,6,8,-2,14,0.5217391304347826,A
Leeds,Man United,7,8,1.8,2.2,1.2,1.6,0.6,0.6,0.0,0.2,0.4,0.8,0.4,0.2,0.2,0.2,0.0,21,30,-9,16,6,-10,10,8,2,10,0.7096774193548387,D
Everton,Brentford,7,8,1.0,1.4,0.6,0.8,0.4,0.6,-0.19999999999999996,0.4,0.4,0.2,0.4,0.6,0.4,0.6,0.4,28,27,1,9,12,3,6,3,3,3,1.0357142857142858,A
Newcastle,Crystal Palace,7,4,1.4,0.8,1.2,2.0,0.2,-1.2,1.4,0.4,0.2,0.2,0.2,0.0,0.0,0.4,0.4,26,27,-1,13,12,-1,11,9,2,1,0.9642857142857143,H
Tottenham,Sunderland,7,6,0.8,0.4,1.0,0.8,-0.2,-0.4,0.2,0.4,0.2,0.2,0.6,0.6,0.6,0.4,0.6,26,29,-3,14,9,-5,4,5,-1,5,0.9,D
Fulham,Liverpool,10,11,1.4,1.8,1.0,1.0,0.4,0.8,-0.4,0.6,0.6,0.2,0.4,0.4,0.4,0.0,0.2,27,33,-6,12,4,-8,9,7,2,8,0.8235294117647058,D
Man City,Chelsea,13,6,2.2,1.4,0.2,1.2,2.0,0.2,1.8,0.8,0.2,0.2,0.6,0.8,0.4,0.2,0.2,41,30,11,3,7,4,15,8,7,4,1.3548387096774193,D
West Ham,Nott'm Forest,1,3,0.8,1.0,2.4,1.6,-1.6,-0.6,-1.0,0.0,0.2,0.2,0.0,0.0,0.2,0.6,0.4,14,18,-4,18,17,-1,4,6,-2,1,0.7894736842105263,A
Newcastle,Leeds,7,7,1.4,1.4,1.0,0.8,0.4,0.6,-0.19999999999999996,0.4,0.2,0.2,0.8,0.2,0.2,0.4,0.2,29,22,7,9,16,7,11,3,8,7,1.3043478260869565,H
Burnley,Man United,2,6,0.8,1.6,1.8,1.6,-1.0,0.0,-1.0,0.0,0.2,0.4,0.6,0.2,0.2,0.4,0.0,12,31,-19,19,7,-12,1,8,-7,12,0.40625,D
Man City,Brighton,11,5,1.8,1.0,0.4,1.2,1.4,-0.2,1.5999999999999999,0.6,0.2,0.4,0.4,0.6,0.4,0.2,0.4,42,28,14,3,10,7,13,5,8,7,1.4827586206896552,D
Fulham,Chelsea,11,6,1.6,1.6,1.0,1.4,0.6,0.2,0.39999999999999997,0.6,0.2,0.4,0.6,0.4,0.2,0.0,0.0,28,31,-3,11,7,-4,7,6,1,4,0.90625,H
Bournemouth,Tottenham,3,5,2.0,0.6,2.8,1.2,-0.8,-0.6,-0.20000000000000007,0.0,0.2,0.6,0.4,0.0,0.4,0.0,0.4,23,27,-4,15,13,-2,3,5,-2,2,0.8571428571428571,H
Crystal Palace,Aston Villa,1,12,0.4,2.2,2.2,1.8,-1.8,0.4,-2.2,0.0,0.8,0.2,0.0,0.0,0.0,0.6,0.0,27,42,-15,14,3,-11,2,12,-10,11,0.6511627906976745,D
Brentford,Sunderland,11,7,2.2,0.6,0.8,0.4,1.4,0.2,1.2,0.6,0.2,0.4,0.8,0.4,0.6,0.2,0.4,30,30,0,10,9,-1,11,3,8,1,1.0,H
Everton,Wolves,4,4,0.8,1.2,1.4,1.4,-0.6,-0.2,-0.39999999999999997,0.2,0.2,0.2,0.2,0.4,0.2,0.6,0.2,28,6,22,13,20,7,6,1,5,7,4.142857142857143,D
Arsenal,Liverpool,15,11,2.4,1.6,1.0,0.8,1.4,0.8,0.5999999999999999,1.0,0.6,0.0,0.4,0.2,0.4,0.0,0.2,48,34,14,1,4,3,15,8,7,3,1.4,D
Tottenham,West Ham,5,1,1.0,0.6,1.2,2.2,-0.2,-1.6,1.4000000000000001,0.2,0.0,0.4,0.2,0.4,0.0,0.2,0.6,27,14,13,14,18,4,5,3,2,4,1.8666666666666667,A
Nott'm Forest,Arsenal,3,13,0.8,2.0,1.8,0.8,-1.0,1.2,-2.2,0.2,0.8,0.0,0.2,0.0,0.4,0.4,0.2,21,49,-28,17,1,-16,6,8,-2,16,0.44,D
Sunderland,Crystal Palace,4,2,0.4,0.4,1.0,1.6,-0.6,-1.2,0.6,0.0,0.0,0.8,0.4,0.4,0.2,0.6,0.6,30,28,2,10,13,3,9,9,0,3,1.0689655172413792,H
Man United,Man City,6,9,1.2,1.4,1.2,0.6,0.0,0.8,-0.8,0.2,0.4,0.6,0.6,0.2,0.4,0.0,0.2,32,43,-11,8,3,-5,6,10,-4,5,0.75,H
Leeds,Fulham,6,11,1.8,1.4,1.4,0.8,0.4,0.6,-0.19999999999999996,0.2,0.6,0.6,0.4,0.2,0.4,0.2,0.0,22,31,-9,17,9,-8,8,10,-2,8,0.71875,H
Chelsea,Brentford,3,13,1.4,2.6,1.8,0.6,-0.4,2.0,-2.4,0.0,0.8,0.6,0.2,0.0,0.6,0.0,0.2,31,33,-2,10,7,-3,8,6,2,3,0.9411764705882353,H
Liverpool,Burnley,9,3,1.2,0.8,0.8,1.6,0.4,-0.8,1.2000000000000002,0.4,0.0,0.6,0.6,0.4,0.2,0.4,0.4,35,13,22,4,19,15,8,1,7,15,2.5714285714285716,D
Wolves,Newcastle,5,10,1.2,2.2,1.2,1.4,0.0,0.8,-0.8,0.2,0.6,0.4,0.2,0.2,0.2,0.2,0.2,7,32,-25,20,9,-11,3,6,-3,11,0.24242424242424243,D
Aston Villa,Everton,10,5,1.6,1.0,1.4,1.2,0.2,-0.2,0.4,0.6,0.2,0.2,0.4,0.2,0.4,0.2,0.4,43,29,14,2,12,10,15,10,5,10,1.4666666666666666,A
Brighton,Bournemouth,6,5,1.2,1.8,1.0,2.4,0.2,-0.6,0.8,0.2,0.2,0.6,0.4,0.4,0.0,0.2,0.0,29,26,3,12,15,3,8,2,6,3,1.1111111111111112,D
Bournemouth,Liverpool,5,7,1.8,1.0,2.4,0.8,-0.6,0.2,-0.8,0.2,0.2,0.4,0.8,0.0,0.4,0.0,0.4,27,36,-9,14,4,-10,5,9,-4,10,0.7567567567567568,H
Man City,Wolves,6,6,0.8,1.2,1.0,0.8,-0.2,0.4,-0.6000000000000001,0.2,0.2,0.6,0.6,0.2,0.4,0.4,0.2,43,8,35,3,20,17,11,2,9,17,4.888888888888889,H
Fulham,Brighton,8,6,1.2,1.4,1.0,1.2,0.2,0.2,0.0,0.4,0.2,0.4,0.6,0.2,0.2,0.2,0.0,31,30,1,11,13,2,7,5,2,2,1.032258064516129,H
West Ham,Sunderland,4,6,1.0,0.8,1.8,1.2,-0.8,-0.4,-0.4,0.2,0.2,0.2,0.6,0.0,0.2,0.4,0.4,17,33,-16,18,9,-9,1,3,-2,9,0.5294117647058824,H
Burnley,Tottenham,3,5,0.8,1.0,1.6,1.2,-0.8,-0.2,-0.6000000000000001,0.0,0.2,0.6,0.4,0.2,0.4,0.4,0.2,14,27,-13,19,15,-4,2,5,-3,4,0.5357142857142857,D
Brentford,Nott'm Forest,10,4,2.2,0.8,1.0,1.6,1.2,-0.8,2.0,0.6,0.2,0.2,0.2,0.4,0.2,0.4,0.4,33,22,11,10,17,7,11,6,5,7,1.4782608695652173,A
Crystal Palace,Chelsea,2,5,0.4,1.4,1.2,1.4,-0.8,0.0,-0.8,0.0,0.2,0.4,0.4,0.2,0.2,0.6,0.0,28,34,-6,15,7,-8,2,3,-1,8,0.8285714285714286,A
Newcastle,Aston Villa,10,7,1.8,1.2,1.0,1.4,0.8,-0.2,1.0,0.6,0.4,0.2,0.2,0.4,0.2,0.4,0.4,33,43,-10,8,3,-5,11,10,1,5,0.7727272727272727,A
Arsenal,Man United,11,9,1.8,1.4,0.8,0.8,1.0,0.6,0.4,0.6,0.4,0.4,0.6,0.4,0.4,0.4,0.0,50,35,15,1,6,5,13,8,5,5,1.4166666666666667,A
Everton,Leeds,8,6,1.2,1.2,1.0,1.2,0.2,0.0,0.2,0.4,0.2,0.4,0.6,0.6,0.4,0.2,0.2,32,25,7,11,17,6,4,3,1,6,1.2692307692307692,D
Chelsea,West Ham,8,7,1.8,1.6,1.2,1.8,0.6,-0.2,0.8,0.4,0.4,0.4,0.2,0.2,0.0,0.0,0.2,37,20,17,5,18,13,8,5,3,13,1.8095238095238095,H
Wolves,Bournemouth,6,8,1.0,2.2,0.8,2.0,0.2,0.2,0.0,0.2,0.4,0.6,0.4,0.4,0.0,0.4,0.0,8,30,-22,20,12,-8,4,3,1,8,0.2903225806451613,A
Liverpool,Newcastle,4,10,1.0,1.8,1.2,1.2,-0.2,0.6,-0.8,0.0,0.6,0.8,0.2,0.4,0.4,0.4,0.4,36,33,3,6,9,3,9,7,2,3,1.088235294117647,H
Brighton,Everton,6,8,1.4,1.4,1.2,1.2,0.2,0.2,0.0,0.2,0.4,0.6,0.4,0.2,0.4,0.0,0.0,30,33,-3,13,12,-1,6,10,-4,1,0.9117647058823529,D
Leeds,Arsenal,6,8,1.2,1.8,1.2,1.2,0.0,0.6,-0.6,0.2,0.4,0.6,0.4,0.4,0.4,0.2,0.4,26,50,-24,16,1,-15,11,8,3,15,0.5294117647058824,A
Tottenham,Man City,3,6,1.2,0.8,1.6,0.8,-0.4,0.0,-0.4,0.0,0.2,0.6,0.6,0.2,0.4,0.2,0.4,28,46,-18,14,3,-11,4,10,-6,11,0.6170212765957447,D
Nott'm Forest,Crystal Palace,7,2,1.0,0.6,1.2,1.6,-0.2,-1.0,0.8,0.4,0.0,0.2,0.4,0.4,0.2,0.4,0.4,25,28,-3,17,15,-2,4,6,-2,2,0.896551724137931,D
Aston Villa,Brentford,7,7,1.2,1.4,1.2,1.2,0.0,0.2,-0.2,0.4,0.4,0.2,0.2,0.4,0.4,0.4,0.6,46,33,13,3,12,9,12,6,6,9,1.3823529411764706,A
Man United,Fulham,9,8,1.8,1.4,1.2,1.2,0.6,0.2,0.39999999999999997,0.4,0.4,0.6,0.4,0.2,0.0,0.0,0.2,38,34,4,6,8,2,9,10,-1,2,1.1142857142857143,H
Sunderland,Burnley,5,3,0.8,1.2,1.6,2.0,-0.8,-0.8,0.0,0.2,0.0,0.4,0.6,0.2,0.0,0.4,0.2,33,15,18,12,19,7,11,2,9,7,2.125,H
Leeds,Nott'm Forest,5,8,1.2,1.2,2.0,1.0,-0.8,0.2,-1.0,0.2,0.4,0.4,0.4,0.2,0.4,0.2,0.2,26,26,0,17,16,-1,8,6,2,1,1.0,H
Wolves,Chelsea,5,10,0.8,2.0,1.0,1.2,-0.2,0.8,-1.0,0.2,0.6,0.4,0.2,0.4,0.2,0.6,0.0,8,40,-32,20,5,-15,4,6,-2,15,0.21951219512195122,A
Man United,Tottenham,11,3,2.2,1.6,1.4,2.0,0.8,-0.4,1.2000000000000002,0.6,0.0,0.4,0.6,0.2,0.0,0.0,0.0,41,29,12,5,14,9,11,5,6,9,1.4,H
Arsenal,Sunderland,8,7,1.8,1.4,1.0,1.6,0.8,-0.2,1.0,0.4,0.4,0.4,0.2,0.6,0.2,0.4,0.2,53,36,17,1,7,6,10,2,8,6,1.4594594594594594,H
Bournemouth,Aston Villa,10,7,2.2,1.0,1.6,0.6,0.6,0.4,0.19999999999999996,0.6,0.4,0.2,0.2,0.2,0.4,0.0,0.6,33,46,-13,11,3,-8,8,10,-2,8,0.723404255319149,D
Burnley,West Ham,3,6,1.0,1.6,2.0,2.0,-1.0,-0.4,-0.6,0.0,0.4,0.6,0.0,0.0,0.0,0.4,0.2,15,20,-5,19,18,-1,3,4,-1,1,0.7619047619047619,A
Fulham,Everton,7,6,1.6,1.2,1.6,1.4,0.0,-0.2,0.2,0.4,0.2,0.2,0.6,0.0,0.2,0.2,0.0,34,34,0,10,11,1,10,8,2,1,1.0,A
Newcastle,Brentford,7,9,1.4,1.6,1.8,1.2,-0.4,0.4,-0.8,0.4,0.6,0.2,0.0,0.4,0.4,0.4,0.4,33,36,-3,12,9,-3,10,9,1,3,0.918918918918919,A
Liverpool,Man City,6,6,1.8,1.2,1.4,1.2,0.4,0.0,0.4,0.2,0.2,0.6,0.6,0.2,0.2,0.2,0.2,39,47,-8,6,3,-3,11,8,3,3,0.8333333333333334,A
Brighton,Crystal Palace,6,2,1.2,0.6,1.0,1.6,0.2,-1.0,1.2,0.2,0.0,0.6,0.4,0.2,0.2,0.0,0.4,31,29,2,13,15,2,7,4,3,2,1.0666666666666667,A
Chelsea,Leeds,12,7,2.4,1.6,1.2,2.0,1.2,-0.4,1.6,0.8,0.4,0.0,0.2,0.2,0.2,0.0,0.2,43,29,14,5,16,11,10,4,6,11,1.4666666666666666,D
Everton,Bournemouth,9,11,1.2,2.0,0.8,1.2,0.4,0.8,-0.4,0.4,0.6,0.6,0.4,0.2,0.2,0.0,0.0,37,34,3,8,10,2,5,6,-1,2,1.0857142857142856,A
Tottenham,Newcastle,2,4,1.4,1.4,2.2,2.4,-0.8,-1.0,0.19999999999999996,0.0,0.2,0.4,0.2,0.0,0.2,0.2,0.4,29,33,-4,16,12,-4,5,4,1,4,0.8823529411764706,A
West Ham,Man United,9,13,2.0,2.4,1.4,1.2,0.6,1.2,-0.6,0.6,0.8,0.0,0.2,0.2,0.4,0.0,0.0,23,44,-21,18,5,-13,4,8,-4,13,0.5333333333333333,D
Man City,Fulham,8,6,1.4,1.4,1.2,1.6,0.2,-0.2,0.4,0.4,0.4,0.4,0.0,0.2,0.0,0.2,0.2,50,34,16,2,12,10,11,7,4,10,1.457142857142857,H
Nott'm Forest,Wolves,8,2,1.2,0.4,1.0,1.6,0.2,-1.2,1.4,0.4,0.0,0.4,0.4,0.4,0.2,0.2,0.6,26,8,18,17,20,3,5,2,3,3,3.0,D
Aston Villa,Brighton,5,3,0.6,0.8,0.6,1.2,0.0,-0.4,0.4,0.2,0.0,0.4,0.6,0.4,0.0,0.6,0.2,47,31,16,3,14,11,9,2,7,11,1.5,H
Crystal Palace,Burnley,5,3,0.8,1.0,1.2,2.0,-0.4,-1.0,0.6,0.2,0.0,0.4,0.6,0.4,0.0,0.2,0.4,32,15,17,13,19,6,2,2,0,6,2.0625,A
Sunderland,Liverpool,6,5,1.2,1.6,2.0,1.4,-0.8,0.2,-1.0,0.4,0.2,0.0,0.4,0.2,0.2,0.4,0.2,36,39,-3,11,6,-5,11,6,5,5,0.925,A
Brentford,Arsenal,9,8,1.4,1.8,1.2,0.6,0.2,1.2,-1.0,0.6,0.4,0.0,0.4,0.4,0.8,0.4,0.4,39,56,-17,7,1,-6,8,10,-2,6,0.7017543859649122,D
Wolves,Arsenal,2,8,0.2,2.0,1.4,0.8,-1.2,1.2,-2.4,0.0,0.4,0.4,0.4,0.4,0.6,0.8,0.2,9,57,-48,20,1,-19,4,11,-7,19,0.1724137931034483,D
Aston Villa,Leeds,7,8,0.8,1.4,0.6,1.6,0.2,-0.2,0.4,0.4,0.4,0.2,0.4,0.4,0.2,0.4,0.2,50,30,20,3,15,12,9,4,5,12,1.6451612903225807,D
Brentford,Brighton,7,2,1.0,0.6,1.4,1.2,-0.4,-0.6,0.19999999999999996,0.4,0.0,0.2,0.4,0.2,0.0,0.4,0.4,40,31,9,7,14,7,8,2,6,7,1.28125,A
Chelsea,Burnley,13,5,2.6,1.2,1.2,2.0,1.4,-0.8,2.2,0.8,0.2,0.2,0.4,0.2,0.0,0.0,0.4,44,18,26,5,19,14,8,5,3,14,2.3684210526315788,D
West Ham,Bournemouth,10,11,2.0,1.8,1.2,1.0,0.8,0.8,0.0,0.6,0.6,0.2,0.4,0.2,0.2,0.0,0.0,24,37,-13,18,8,-10,5,8,-3,10,0.6578947368421053,D
Man City,Newcastle,10,4,1.8,1.0,1.0,2.0,0.8,-1.0,1.8,0.6,0.2,0.2,0.2,0.4,0.2,0.2,0.4,53,36,17,2,10,8,11,7,4,8,1.4594594594594594,H
Crystal Palace,Wolves,4,2,1.2,0.6,1.8,1.8,-0.6,-1.2,0.6,0.2,0.0,0.2,0.4,0.2,0.2,0.0,0.6,32,10,22,14,20,6,2,3,-1,6,3.0,H
Nott'm Forest,Liverpool,6,7,0.8,1.8,0.8,1.4,0.0,0.4,-0.4,0.2,0.4,0.6,0.2,0.6,0.2,0.4,0.0,27,42,-15,17,6,-11,3,8,-5,11,0.6511627906976745,A
Sunderland,Fulham,6,3,1.2,1.0,1.6,2.0,-0.4,-1.0,0.6,0.4,0.2,0.0,0.0,0.2,0.0,0.4,0.4,36,34,2,11,14,3,8,4,4,3,1.0571428571428572,A
Tottenham,Arsenal,2,8,1.2,2.4,2.0,1.2,-0.8,1.2,-2.0,0.0,0.4,0.4,0.4,0.0,0.4,0.2,0.0,29,58,-29,16,1,-15,2,9,-7,15,0.5084745762711864,A
Everton,Man United,8,13,1.2,2.2,1.0,1.0,0.2,1.2,-1.0,0.4,0.8,0.4,0.2,0.2,0.4,0.0,0.0,37,45,-8,10,6,-4,2,6,-4,4,0.8260869565217391,A
Wolves,Aston Villa,2,8,0.6,1.0,1.6,0.6,-1.0,0.4,-1.4,0.0,0.4,0.4,0.4,0.2,0.4,0.6,0.2,10,51,-41,20,3,-17,5,8,-3,17,0.21153846153846154,H
Bournemouth,Sunderland,11,3,1.6,1.0,0.8,2.0,0.8,-1.0,1.8,0.6,0.2,0.4,0.0,0.4,0.2,0.2,0.4,38,36,2,8,12,4,8,2,6,4,1.054054054054054,D
Burnley,Brentford,5,7,1.2,1.0,2.0,1.4,-0.8,-0.4,-0.4,0.2,0.4,0.4,0.2,0.0,0.2,0.4,0.4,19,40,-21,19,7,-12,3,12,-9,12,0.4878048780487805,A
Liverpool,West Ham,9,8,1.8,1.6,1.2,1.0,0.6,0.6,0.0,0.6,0.4,0.0,0.4,0.4,0.4,0.0,0.2,45,25,20,5,18,13,8,6,2,13,1.7692307692307692,H
Newcastle,Everton,3,5,1.2,1.0,2.4,1.2,-1.2,-0.2,-1.0,0.2,0.2,0.0,0.4,0.0,0.0,0.2,0.2,36,37,-1,12,11,-1,7,11,-4,1,0.9736842105263158,A
Leeds,Man City,6,13,1.4,2.2,1.8,0.8,-0.4,1.4,-1.7999999999999998,0.2,0.8,0.6,0.2,0.0,0.4,0.2,0.0,31,56,-25,15,2,-13,10,8,2,13,0.5614035087719298,A
Brighton,Nott'm Forest,4,5,0.8,0.8,1.0,1.0,-0.2,-0.2,0.0,0.2,0.2,0.2,0.4,0.2,0.4,0.4,0.4,34,27,7,14,17,3,6,6,0,3,1.25,H
Fulham,Tottenham,6,2,1.6,1.2,2.0,2.4,-0.4,-1.2,0.7999999999999999,0.4,0.0,0.0,0.4,0.0,0.0,0.2,0.2,37,29,8,11,16,5,10,5,5,5,1.2666666666666666,H
Man United,Crystal Palace,13,7,2.0,1.2,1.0,1.4,1.0,-0.2,1.2,0.8,0.4,0.2,0.2,0.4,0.4,0.0,0.0,48,35,13,5,14,9,13,4,9,9,1.3611111111111112,H
Arsenal,Chelsea,11,11,2.8,2.4,0.8,1.4,2.0,1.0,1.0,0.6,0.6,0.4,0.4,0.4,0.0,0.0,0.0,61,45,16,1,6,5,10,8,2,5,1.3478260869565217,H
Wolves,Liverpool,5,12,1.0,2.4,1.2,1.0,-0.2,1.4,-1.5999999999999999,0.2,0.8,0.4,0.0,0.4,0.4,0.4,0.0,13,48,-35,20,5,-15,5,8,-3,15,0.2857142857142857,H
Leeds,Sunderland,5,4,1.2,1.0,1.8,1.6,-0.6,-0.6,0.0,0.2,0.2,0.4,0.2,0.0,0.2,0.4,0.4,31,37,-6,15,12,-3,7,2,5,3,0.8421052631578947,A
Bournemouth,Brentford,9,10,1.2,1.8,0.6,1.6,0.6,0.2,0.39999999999999997,0.4,0.6,0.6,0.2,0.4,0.2,0.2,0.2,39,43,-4,11,7,-4,8,12,-4,4,0.9090909090909091,D
Everton,Burnley,7,4,1.4,1.4,1.4,2.4,0.0,-1.0,1.0,0.4,0.2,0.2,0.2,0.0,0.0,0.2,0.4,40,19,21,11,19,8,2,5,-3,8,2.05,H
Aston Villa,Chelsea,5,8,0.6,2.0,1.0,1.6,-0.4,0.4,-0.8,0.2,0.4,0.4,0.4,0.2,0.0,0.4,0.0,51,45,6,3,6,3,7,7,0,3,1.1304347826086956,A
Brighton,Arsenal,7,11,1.0,2.4,0.8,1.0,0.2,1.4,-1.2,0.4,0.6,0.2,0.4,0.2,0.2,0.4,0.0,37,64,-27,12,1,-11,8,9,-1,11,0.5846153846153846,A
Fulham,West Ham,6,5,1.6,1.4,2.0,1.8,-0.4,-0.4,0.0,0.4,0.2,0.0,0.4,0.0,0.4,0.2,0.2,40,25,15,10,18,8,10,6,4,8,1.5769230769230769,A
Man City,Nott'm Forest,13,2,2.0,0.6,0.8,1.4,1.2,-0.8,2.0,0.8,0.0,0.2,0.4,0.4,0.2,0.0,0.4,59,27,32,2,18,16,11,6,5,16,2.142857142857143,D
Newcastle,Man United,3,13,1.6,1.8,2.6,0.8,-1.0,1.0,-2.0,0.2,0.8,0.0,0.2,0.0,0.4,0.0,0.0,36,51,-15,13,4,-9,6,9,-3,9,0.7115384615384616,H
Tottenham,Crystal Palace,1,7,1.0,1.2,2.4,1.2,-1.4,0.0,-1.4,0.0,0.4,0.2,0.2,0.0,0.4,0.2,0.0,29,35,-6,16,14,-2,2,4,-2,2,0.8333333333333334,A
West Ham,Man City,8,13,1.2,2.0,1.2,0.8,0.0,1.2,-1.2,0.4,0.8,0.4,0.2,0.6,0.4,0.2,0.0,28,60,-32,17,2,-15,6,8,-2,15,0.47540983606557374,D
Arsenal,Everton,11,9,2.0,1.6,1.0,1.2,1.0,0.4,0.6,0.6,0.6,0.4,0.0,0.2,0.2,0.0,0.2,67,43,24,1,8,7,10,13,-3,7,1.5454545454545454,H
Chelsea,Newcastle,8,6,2.2,1.8,1.4,2.0,0.8,-0.2,1.0,0.4,0.4,0.4,0.0,0.0,0.0,0.0,0.0,48,39,9,6,12,6,9,7,2,6,1.225,A
Burnley,Bournemouth,4,7,1.4,0.8,2.2,0.6,-0.8,0.2,-1.0,0.2,0.2,0.2,0.8,0.0,0.4,0.4,0.4,19,40,-21,19,10,-9,2,9,-7,9,0.4878048780487805,D
Sunderland,Brighton,4,6,0.6,0.8,1.6,0.8,-1.0,0.0,-1.0,0.2,0.4,0.2,0.0,0.2,0.2,0.4,0.6,40,37,3,12,14,2,7,5,2,2,1.0789473684210527,A
Crystal Palace,Leeds,9,5,1.6,1.2,1.2,1.2,0.4,0.0,0.4,0.6,0.2,0.0,0.4,0.4,0.0,0.0,0.4,38,31,7,14,15,1,5,4,1,1,1.21875,D
Man United,Aston Villa,10,5,1.4,0.8,0.8,1.6,0.6,-0.8,1.4,0.6,0.2,0.2,0.4,0.4,0.2,0.0,0.2,51,51,0,4,3,-1,13,5,8,1,1.0,H
Nott'm Forest,Fulham,2,6,0.8,1.2,1.6,1.6,-0.8,-0.4,-0.4,0.0,0.4,0.4,0.0,0.2,0.0,0.4,0.4,28,40,-12,18,12,-6,3,4,-1,6,0.7073170731707317,D
Liverpool,Tottenham,9,0,1.8,0.8,1.2,2.6,0.6,-1.8,2.4,0.6,0.0,0.0,0.0,0.4,0.0,0.0,0.2,48,29,19,5,17,12,8,2,6,12,1.6333333333333333,D
Brentford,Wolves,8,8,1.6,1.2,1.6,0.8,0.0,0.4,-0.4,0.4,0.4,0.4,0.4,0.2,0.4,0.4,0.4,44,16,28,7,20,13,5,3,2,13,2.6470588235294117,D
Bournemouth,Man United,7,10,0.6,1.6,0.4,1.0,0.2,0.6,-0.39999999999999997,0.2,0.6,0.8,0.2,0.6,0.2,0.6,0.0,41,54,-13,10,3,-7,9,8,1,7,0.7636363636363637,D
Leeds,Brentford,3,6,0.6,1.4,1.0,1.6,-0.4,-0.2,-0.2,0.0,0.2,0.6,0.6,0.2,0.2,0.6,0.4,32,45,-13,15,7,-8,6,10,-4,8,0.717391304347826,D
Brighton,Liverpool,9,10,1.0,1.8,0.6,1.0,0.4,0.8,-0.4,0.6,0.6,0.0,0.2,0.4,0.4,0.4,0.0,40,49,-9,12,5,-7,5,7,-2,7,0.82,H
Fulham,Burnley,7,5,1.0,1.4,1.2,1.8,-0.2,-0.4,0.2,0.4,0.2,0.2,0.4,0.2,0.2,0.6,0.4,41,20,21,12,19,7,9,5,4,7,2.0,H
Everton,Chelsea,6,5,1.2,1.6,1.4,1.4,-0.2,0.2,-0.4,0.4,0.2,0.0,0.4,0.2,0.0,0.4,0.2,43,48,-5,10,6,-4,5,9,-4,4,0.8979591836734694,H
Tottenham,Nott'm Forest,1,3,1.0,0.6,2.4,1.0,-1.4,-0.4,-0.9999999999999999,0.0,0.0,0.2,0.6,0.0,0.4,0.0,0.6,30,29,1,16,18,2,1,7,-6,2,1.0333333333333334,A
Newcastle,Sunderland,9,4,1.6,0.6,1.4,1.2,0.2,-0.6,0.8,0.6,0.2,0.0,0.2,0.2,0.2,0.0,0.4,42,40,2,12,13,1,6,4,2,1,1.048780487804878,A
Aston Villa,West Ham,4,6,0.8,1.0,2.0,1.4,-1.2,-0.4,-0.7999999999999999,0.2,0.2,0.2,0.6,0.2,0.4,0.2,0.2,51,29,22,4,18,14,4,9,-5,14,1.7333333333333334,H
West Ham,Wolves,5,8,0.8,1.6,1.6,1.2,-0.8,0.4,-1.2000000000000002,0.2,0.4,0.4,0.4,0.4,0.2,0.4,0.2,29,17,12,18,20,2,6,3,3,2,1.6666666666666667,H
Arsenal,Bournemouth,13,5,2.2,0.6,0.8,0.6,1.4,0.0,1.4,0.8,0.0,0.2,1.0,0.4,0.6,0.0,0.6,70,42,28,1,12,11,10,9,1,11,1.6511627906976745,A
Brentford,Everton,6,9,1.2,1.6,1.4,1.0,-0.2,0.6,-0.8,0.2,0.6,0.6,0.0,0.4,0.4,0.6,0.4,46,46,0,7,8,1,5,10,-5,1,1.0,D
Burnley,Brighton,2,12,1.0,1.4,2.0,0.6,-1.0,0.8,-1.8,0.0,0.8,0.4,0.0,0.2,0.4,0.4,0.2,20,43,-23,19,11,-8,3,7,-4,8,0.4772727272727273,A
Liverpool,Fulham,7,10,1.8,1.6,1.4,0.8,0.4,0.8,-0.4,0.4,0.6,0.2,0.2,0.2,0.2,0.0,0.4,49,44,5,5,11,6,8,4,4,6,1.1111111111111112,H
Chelsea,Man City,4,11,1.2,1.8,1.6,0.8,-0.4,1.0,-1.4,0.2,0.6,0.2,0.4,0.0,0.4,0.4,0.0,48,61,-13,6,2,-4,8,8,0,4,0.7903225806451613,A
Crystal Palace,Newcastle,7,6,1.4,1.4,1.2,1.6,0.2,-0.2,0.4,0.4,0.4,0.2,0.0,0.4,0.2,0.2,0.0,39,42,-3,14,13,-1,5,7,-2,1,0.9302325581395349,H
Nott'm Forest,Aston Villa,5,4,1.2,1.0,1.0,2.0,0.2,-1.0,1.2,0.2,0.2,0.4,0.2,0.4,0.2,0.4,0.2,32,54,-22,17,4,-13,4,5,-1,13,0.6,D
Sunderland,Tottenham,7,1,1.0,0.8,1.2,2.6,-0.2,-1.8,1.6,0.4,0.0,0.2,0.2,0.2,0.0,0.2,0.2,43,30,13,12,18,6,6,2,4,6,1.4193548387096775,H
Man United,Leeds,10,3,1.8,0.2,1.2,0.6,0.6,-0.4,1.0,0.6,0.0,0.2,0.6,0.2,0.4,0.0,0.8,55,33,22,4,16,12,15,4,11,12,1.6470588235294117,A
Brentford,Fulham,7,7,1.6,1.0,1.4,1.0,0.2,0.0,0.2,0.2,0.4,0.8,0.2,0.4,0.2,0.4,0.6,47,44,3,7,12,5,3,4,-1,5,1.0666666666666667,D
Leeds,Wolves,5,7,0.4,1.2,0.6,1.6,-0.2,-0.4,0.2,0.2,0.4,0.4,0.2,0.4,0.2,0.8,0.4,36,17,19,15,20,5,4,2,2,5,2.0555555555555554,H
Newcastle,Bournemouth,6,7,1.4,1.0,1.6,0.8,-0.2,0.2,-0.4,0.4,0.2,0.0,0.8,0.2,0.4,0.0,0.4,42,45,-3,13,11,-2,3,11,-8,2,0.9347826086956522,A
Tottenham,Brighton,1,12,0.6,1.4,2.0,0.6,-1.4,0.8,-2.2,0.0,0.8,0.2,0.0,0.0,0.4,0.4,0.2,30,46,-16,18,10,-8,1,9,-8,8,0.6595744680851063,D
Chelsea,Man United,3,7,1.0,1.8,2.0,1.6,-1.0,0.2,-1.2,0.2,0.4,0.0,0.2,0.0,0.0,0.6,0.0,48,55,-7,7,4,-3,5,8,-3,3,0.875,A
Aston Villa,Sunderland,4,10,1.0,1.0,2.0,0.6,-1.0,0.4,-1.4,0.2,0.6,0.2,0.2,0.2,0.4,0.2,0.2,55,46,9,4,11,7,7,7,0,7,1.1914893617021276,H
Everton,Liverpool,10,7,2.0,2.0,1.2,1.4,0.8,0.6,0.20000000000000007,0.6,0.4,0.2,0.2,0.4,0.2,0.2,0.0,47,52,-5,10,5,-5,7,6,1,5,0.9056603773584906,A
Nott'm Forest,Burnley,6,1,1.4,0.8,1.0,2.2,0.4,-1.4,1.7999999999999998,0.2,0.0,0.6,0.2,0.4,0.2,0.2,0.6,33,20,13,16,19,3,4,4,0,3,1.619047619047619,H
Man City,Arsenal,11,12,1.8,2.0,0.8,0.8,1.0,1.2,-0.19999999999999996,0.6,0.8,0.4,0.0,0.4,0.4,0.0,0.0,64,70,-6,2,1,-1,11,11,0,1,0.9154929577464789,H
Crystal Palace,West Ham,10,7,1.4,1.6,0.8,1.6,0.6,0.0,0.6,0.6,0.4,0.2,0.2,0.4,0.4,0.2,0.2,42,32,10,14,17,3,7,6,1,3,1.303030303030303,D
Brighton,Chelsea,10,3,1.4,0.8,0.8,1.8,0.6,-1.0,1.6,0.6,0.2,0.2,0.0,0.4,0.0,0.2,0.8,47,48,-1,9,7,-2,7,9,-2,2,0.9795918367346939,H
Burnley,Man City,1,11,0.4,1.8,2.2,0.8,-1.8,1.0,-2.8,0.0,0.6,0.2,0.4,0.2,0.4,0.6,0.0,20,67,-47,19,2,-17,2,11,-9,17,0.3088235294117647,A
Bournemouth,Leeds,9,8,1.2,1.0,0.8,0.4,0.4,0.6,-0.19999999999999996,0.4,0.4,0.6,0.4,0.4,0.6,0.4,0.6,48,39,9,7,15,8,7,7,0,8,1.225,D
Sunderland,Nott'm Forest,9,9,1.4,2.0,1.2,0.8,0.2,1.2,-1.0,0.6,0.4,0.0,0.6,0.4,0.4,0.2,0.2,46,36,10,11,16,5,6,7,-1,5,1.2702702702702702,A
Fulham,Aston Villa,5,7,0.6,1.8,0.8,2.2,-0.2,-0.4,0.2,0.2,0.4,0.4,0.2,0.4,0.2,0.8,0.0,45,58,-13,12,3,-9,9,5,4,9,0.7796610169491526,H
Liverpool,Crystal Palace,7,8,1.4,1.2,1.2,0.8,0.2,0.4,-0.2,0.4,0.4,0.2,0.4,0.2,0.4,0.0,0.4,55,43,12,5,13,8,10,7,3,8,1.2727272727272727,H
West Ham,Everton,8,7,1.2,1.6,0.6,1.2,0.6,0.4,0.19999999999999996,0.4,0.4,0.4,0.2,0.6,0.4,0.4,0.2,33,47,-14,17,11,-6,9,8,1,6,0.7083333333333334,H
Wolves,Tottenham,7,2,1.2,0.8,2.0,2.0,-0.8,-1.2,0.3999999999999999,0.4,0.0,0.2,0.4,0.2,0.0,0.4,0.4,17,31,-14,20,18,-2,7,2,5,2,0.5625,A
Arsenal,Newcastle,9,6,1.4,1.2,1.0,1.4,0.4,-0.2,0.6000000000000001,0.6,0.4,0.0,0.0,0.4,0.2,0.0,0.0,70,42,28,2,14,12,9,6,3,12,1.6511627906976745,H
Man United,Brentford,7,5,1.6,0.8,1.4,0.8,0.2,0.0,0.2,0.4,0.0,0.2,1.0,0.2,0.6,0.0,0.6,58,48,10,5,10,5,12,11,1,5,1.2040816326530612,H
Leeds,Burnley,9,1,1.4,0.4,0.6,2.0,0.8,-1.6,2.4000000000000004,0.4,0.0,0.6,0.2,0.6,0.2,0.4,0.6,40,20,20,15,19,4,7,4,3,4,1.9523809523809523,H
Wolves,Sunderland,4,6,0.8,1.2,2.2,2.2,-1.4,-1.0,-0.3999999999999999,0.2,0.4,0.2,0.0,0.0,0.2,0.6,0.4,17,46,-29,20,12,-8,7,7,0,8,0.3829787234042553,D
Arsenal,Fulham,9,8,1.2,0.8,0.8,0.6,0.4,0.2,0.2,0.6,0.4,0.0,0.4,0.6,0.6,0.0,0.6,73,48,25,1,8,7,12,5,7,7,1.510204081632653,H
Brentford,West Ham,4,8,1.0,1.4,1.2,0.8,-0.2,0.6,-0.8,0.0,0.4,0.8,0.4,0.4,0.4,0.4,0.4,48,36,12,10,17,7,4,7,-3,7,1.3243243243243243,H
Newcastle,Brighton,3,13,0.8,2.0,1.4,0.6,-0.6,1.4,-2.0,0.2,0.8,0.0,0.2,0.2,0.6,0.2,0.0,42,50,-8,15,7,-8,3,10,-7,8,0.8431372549019608,H
Bournemouth,Crystal Palace,9,8,1.6,1.2,1.2,1.0,0.4,0.2,0.2,0.4,0.4,0.6,0.4,0.2,0.4,0.2,0.4,49,43,6,8,14,6,5,7,-2,6,1.1363636363636365,H
Man United,Liverpool,10,10,1.8,1.8,1.2,1.0,0.6,0.8,-0.20000000000000007,0.6,0.6,0.2,0.2,0.2,0.2,0.0,0.0,61,58,3,3,4,1,12,9,3,1,1.0508474576271187,H
Aston Villa,Tottenham,7,5,1.6,0.8,1.6,1.4,0.0,-0.6,0.6,0.4,0.2,0.2,0.4,0.2,0.2,0.2,0.4,58,34,24,5,18,13,10,4,6,13,1.6857142857142857,A
Chelsea,Nott'm Forest,0,11,0.0,2.6,2.2,0.4,-2.2,2.2,-4.4,0.0,0.6,0.0,0.4,0.0,0.6,1.0,0.2,48,39,9,10,16,6,2,7,-5,6,1.225,A
Everton,Man City,4,11,1.4,1.8,1.6,0.8,-0.2,1.0,-1.2,0.2,0.6,0.2,0.4,0.2,0.4,0.2,0.0,47,70,-23,12,2,-10,6,13,-7,10,0.676056338028169,D
Liverpool,Chelsea,9,0,2.0,0.2,1.4,2.6,0.6,-2.4,3.0,0.6,0.0,0.0,0.0,0.2,0.0,0.0,0.8,58,48,10,4,10,6,10,6,4,6,1.2040816326530612,D
Brighton,Wolves,10,2,2.0,0.6,1.2,2.2,0.8,-1.6,2.4000000000000004,0.6,0.0,0.2,0.4,0.4,0.0,0.0,0.6,50,18,32,8,20,12,9,2,7,12,2.6842105263157894,H
Fulham,Bournemouth,7,11,0.8,2.2,1.2,1.2,-0.4,1.0,-1.4,0.4,0.6,0.2,0.4,0.4,0.2,0.6,0.0,48,52,-4,10,7,-3,9,11,-2,3,0.9245283018867925,A
Man City,Brentford,11,6,2.0,1.2,1.0,0.8,1.0,0.4,0.6,0.6,0.2,0.4,0.6,0.4,0.6,0.0,0.4,71,51,20,2,8,6,13,8,5,6,1.3846153846153846,H
Sunderland,Man United,7,10,1.4,1.8,2.2,1.4,-0.8,0.4,-1.2000000000000002,0.4,0.6,0.2,0.2,0.2,0.2,0.2,0.0,47,64,-17,12,3,-9,3,8,-5,9,0.7384615384615385,D
Nott'm Forest,Newcastle,13,3,3.2,1.2,0.6,1.6,2.6,-0.4,3.0,0.8,0.2,0.2,0.0,0.4,0.0,0.0,0.2,42,45,-3,16,13,-3,6,6,0,3,0.9347826086956522,D
West Ham,Arsenal,7,9,1.2,1.6,1.2,0.8,0.0,0.8,-0.8,0.4,0.6,0.2,0.0,0.4,0.6,0.6,0.0,36,76,-40,18,1,-17,9,8,1,17,0.4805194805194805,A
Crystal Palace,Everton,5,5,0.6,2.0,1.4,1.8,-0.8,0.2,-1.0,0.2,0.2,0.4,0.4,0.4,0.2,0.6,0.0,43,48,-5,14,12,-2,8,7,1,2,0.8979591836734694,D
Burnley,Aston Villa,0,7,0.6,1.6,2.6,1.4,-2.0,0.2,-2.2,0.0,0.4,0.0,0.2,0.0,0.2,0.4,0.2,20,58,-38,19,5,-14,1,2,-1,14,0.3559322033898305,D
Tottenham,Leeds,7,11,1.0,2.0,1.4,0.8,-0.4,1.2,-1.6,0.4,0.6,0.2,0.4,0.2,0.4,0.4,0.2,37,43,-6,17,16,-1,1,7,-6,1,0.8636363636363636,D
Man City,Crystal Palace,13,5,2.4,1.0,0.8,1.8,1.6,-0.8,2.4000000000000004,0.8,0.2,0.2,0.4,0.6,0.2,0.0,0.4,74,44,30,2,14,12,13,6,7,12,1.6666666666666667,H
Aston Villa,Liverpool,5,10,1.6,2.0,1.8,1.2,-0.2,0.8,-1.0,0.2,0.6,0.4,0.2,0.0,0.2,0.2,0.0,59,59,0,5,4,-1,7,6,1,1,1.0,H
Wolves,Fulham,1,4,0.2,0.2,2.4,1.2,-2.2,-1.0,-1.2000000000000002,0.0,0.2,0.2,0.2,0.0,0.4,0.8,0.8,18,48,-30,20,11,-9,8,5,3,9,0.3877551020408163,D
Man United,Nott'm Forest,10,11,1.4,2.8,1.0,0.8,0.4,2.0,-1.6,0.6,0.6,0.2,0.4,0.4,0.2,0.2,0.0,65,43,22,3,16,13,12,10,2,13,1.5,H
Brentford,Crystal Palace,5,2,1.2,0.6,1.4,2.2,-0.2,-1.6,1.4000000000000001,0.2,0.0,0.4,0.4,0.4,0.2,0.4,0.6,51,44,7,8,14,6,6,3,3,6,1.1555555555555554,D
Everton,Sunderland,3,5,1.8,1.0,2.2,2.0,-0.4,-1.0,0.6,0.0,0.2,0.6,0.4,0.0,0.4,0.0,0.4,49,48,1,11,12,1,7,8,-1,1,1.0204081632653061,A
Leeds,Brighton,11,10,2.2,2.2,1.0,1.0,1.2,1.2,0.0,0.6,0.6,0.4,0.2,0.2,0.6,0.0,0.0,44,53,-9,15,7,-8,7,10,-3,8,0.8333333333333334,H
Newcastle,West Ham,4,7,1.2,1.2,1.4,1.0,-0.2,0.2,-0.4,0.2,0.4,0.2,0.2,0.0,0.4,0.2,0.6,46,36,10,14,18,4,6,4,2,4,1.2702702702702702,H
Arsenal,Burnley,9,1,1.4,0.8,0.8,2.4,0.6,-1.6,2.2,0.6,0.0,0.0,0.2,0.6,0.0,0.0,0.4,79,21,58,1,19,18,12,1,11,18,3.6363636363636362,H
Bournemouth,Man City,13,13,2.0,2.4,0.8,0.8,1.2,1.6,-0.40000000000000013,0.8,0.8,0.2,0.2,0.4,0.6,0.0,0.0,55,77,-22,6,2,-4,7,11,-4,4,0.717948717948718,D
Chelsea,Tottenham,1,8,0.4,1.2,2.2,1.0,-1.8,0.2,-2.0,0.0,0.4,0.2,0.4,0.0,0.2,0.6,0.2,49,38,11,12,17,5,1,7,-6,5,1.2820512820512822,H
Nott'm Forest,Bournemouth,10,11,3.0,1.8,1.2,0.8,1.8,1.0,0.8,0.6,0.6,0.2,0.4,0.2,0.4,0.0,0.0,43,56,-13,16,6,-10,6,11,-5,10,0.7719298245614035,D
Man City,Aston Villa,11,7,2.2,2.2,0.8,2.0,1.4,0.2,1.2,0.6,0.4,0.4,0.2,0.6,0.0,0.0,0.2,78,62,16,2,4,2,13,2,11,2,1.253968253968254,A
Sunderland,Chelsea,5,4,1.4,0.8,2.2,1.8,-0.8,-1.0,0.19999999999999996,0.2,0.2,0.4,0.2,0.2,0.0,0.4,0.4,51,52,-1,10,8,-2,4,4,0,2,0.9811320754716981,H
Liverpool,Brentford,7,5,2.0,1.2,2.0,1.4,0.0,-0.2,0.2,0.4,0.2,0.2,0.4,0.0,0.4,0.0,0.4,59,52,7,5,10,5,11,5,6,5,1.1320754716981132,D
Tottenham,Everton,8,2,1.4,1.6,1.2,2.4,0.2,-0.8,1.0,0.4,0.0,0.4,0.4,0.2,0.0,0.0,0.0,38,49,-11,17,13,-4,2,5,-3,4,0.78,H
Crystal Palace,Arsenal,2,12,1.0,1.4,2.6,0.4,-1.6,1.0,-2.6,0.0,0.8,0.4,0.0,0.0,0.8,0.4,0.0,45,82,-37,15,1,-14,9,10,-1,14,0.5542168674698795,A
Burnley,Wolves,1,2,0.8,0.4,2.2,1.8,-1.4,-1.4,0.0,0.0,0.0,0.2,0.4,0.0,0.0,0.4,0.6,21,19,2,19,20,1,2,1,1,1,1.1,D
Brighton,Man United,7,13,1.8,1.8,1.2,1.0,0.6,0.8,-0.20000000000000007,0.4,0.8,0.2,0.2,0.4,0.4,0.2,0.2,53,68,-15,8,3,-5,12,8,4,5,0.782608695652174,A
Fulham,Newcastle,5,7,0.4,1.6,1.0,1.2,-0.6,0.4,-1.0,0.2,0.4,0.4,0.2,0.4,0.0,0.6,0.2,49,49,0,12,11,-1,9,4,5,1,1.0,H
West Ham,Leeds,4,11,0.6,2.0,1.6,0.8,-1.0,1.2,-2.2,0.2,0.6,0.2,0.4,0.2,0.4,0.6,0.0,36,47,-11,18,14,-4,8,7,1,4,0.7708333333333334,H
